{
    "CenteneDataIngestion": {
        "Type": "Folder",
        "Description": "folder desc",
        "AdjustEvents": true,
        "RunAs": "svcdrca",
        "ControlmServer": "controlm",
        "Application": "Centene BigData",
        "SubApplication": "Data Ingestion",
        "TimeZone": "EST",
        "OrderMethod": "Manual",
        "When": {
            "WeekDays": [
                "SUN"
            ]
        },
        "Job1": {
            "Type": "Job:Command",
            "Description": "job desc",
            "Command": "echo 123",
            "Host": "usaphdpe02",
            "ActionIfFailure": {
                "Type": "If",
                "CompletionStatus": "NOTOK",
                "MailToTeam": {
                    "Type": "Action:Mail",
                    "Urgency": "Urgent",
                    "Subject": "Completion Email",
                    "Message": "Job %%JOBNAME failed",
                    "To": "team@mycomp.com",
                    "CC": "other@mycomp.com"
                },
                "CorrectiveJob": {
                    "Type": "Action:Run",
                    "Folder": "FolderName",
                    "Job": "JobName"
                }
            }
        },
        "Job2": {
            "Type": "Job:Command",
            "Description": "job desc",
            "Priority": "High",
            "Host": "usaphdpe02",
            "Command": "echo 123",
            "Rerun": {
                "Every": "2"
            },
            "RunAsDummy": true
        },
        "Job3": {
            "Type": "Job:Script",
            "Host": "usaphdpe02",
            "FileName": "scriptname.sh",
            "FilePath": "%%ScriptsPath",
            "Arguments": [
                "--date",
                "%%TodayDate"
            ],
            "Variables": [
                {
                    "TodayDate": "%%$DATE"
                },
                {
                    "ScriptsPath": "/home/em900cob"
                }
            ]
        },
        "Flow": {
            "Type": "Flow",
            "Sequence": [
                "Job1",
                "Job2"
            ]
        },
        "DocumentationUrl": {
            "Url": "http://bmc.com"
        }
    }
}