{
  "fields": [
    {
      "name": "Batch",
      "type": "string",
      "nullable": true,
      "metadata": {}
    },
    {
      "name": "ClaimNum",
      "type": "string",
      "nullable": true,
      "metadata": {}
    },
    {
      "name": "LineNum",
      "type": "string",
      "nullable": true,
      "metadata": {}
    },
    {
      "name": "ConceptName",
      "type": "string",
      "nullable": true,
      "metadata": {}
    },
    {
      "name": "ConceptKey",
      "type": "string",
      "nullable": true,
      "metadata": {}
    },
    {
      "name": "LegacyClaimKey",
      "type": "string",
      "nullable": true,
      "metadata": {}
    },
    {
      "name": "LegacyMemKey",
      "type": "string",
      "nullable": true,
      "metadata": {}
    },
    {
      "name": "LegacyProvKey",
      "type": "string",
      "nullable": true,
      "metadata": {}
    },
    {
      "name": "SOR",
      "type": "string",
      "nullable": true,
      "metadata": {}
    },
    {
      "name": "ClaimAdjustment",
      "type": "string",
      "nullable": true,
      "metadata": {}
    }
  ]
}