{
  "sources": [
    {
      "format": "parquet",
      "select_column": "",
      "where_clause": "",
      "temp_view": "claim_data",
      "key": "claim_data",
      "cache": false,
      "path": "/rca/dev/anthem/refined/claim/model/part-02999-789e6d31-d44d-4545-864a-836d895c73c0-c000.snappy.parquet"
    },
    {
      "format": "parquet",
      "select_column": "",
      "where_clause": "",
      "temp_view": "code_set",
      "key": "code_set",
      "cache": false,
      "path": "/rca/dev/anthem/refined/claim/codeseta"
    }
  ],
  "flows": [
    {
      "sql": "anthem_wellpoint_header.sql",
      "temp_view": "WellPointHeader",
      "key": "WellPointHeader",
      "cache": false
    },
    {
      "sql": "anthem_wellpoint_detail.sql",
      "temp_view": "",
      "key": "WellPointDetail",
      "cache": false
    },
    {
      "sql": "anthem_agp_header.sql",
      "temp_view": "AGPHeader",
      "key": "AGPHeader",
      "cache": false
    },
    {
      "sql": "anthem_agp_detail.sql",
      "temp_view": "",
      "key": "AGPDetail",
      "cache": false
    }
  ],
  "sinks": [
    {
      "key": "WellPointHeader",
      "hbase_table": "anthem:claim",
      "column_family": "data"
    },
    {
      "key": "WellPointDetail",
      "hbase_table": "anthem:claimdetail",
      "column_family": "data"
    },
    {
      "key": "AGPHeader",
      "hbase_table": "anthem:claim",
      "column_family": "data"
    },
    {
      "key": "AGPDetail",
      "hbase_table": "anthem:claimdetail",
      "column_family": "data"
    }
  ]
}