{
  "sources": [
    {
      "format": "parquet",
      "select_column": "",
      "where_clause": "",
      "temp_view": "claim_data",
      "key": "claim_data",
      "cache": false,
      "path": "/rca/dev/centene/model/claim/part-00354-b541a2ed-cadd-451f-8910-96bd7a9555d2-c000.snappy.parquet"
    }
  ],
  "flows": [
    {
      "sql": "centene_header.sql",
      "temp_view": "CenteneHeader",
      "key": "CenteneHeader",
      "cache": false
    },
    {
      "sql": "centene_detail.sql",
      "temp_view": "CenteneDetail",
      "key": "CenteneDetail",
      "cache": false
    }
  ],
  "sinks": [
    {
      "key": "CenteneHeader",
      "hbase_table": "rca:claim",
      "column_family": "data"
    },
    {
      "key": "CenteneDetail",
      "hbase_table": "rca:claimdetail",
      "column_family": "data"
    }
  ]
}