
{
  "header": {
    "reportVersion": 1,
    "event": "Allocation failed - JavaScript heap out of memory",
    "trigger": "FatalError",
    "filename": "report.20210120.230722.6912.0.001.json",
    "dumpEventTime": "2021-01-20T23:07:22Z",
    "dumpEventTimeStamp": "1611202042371",
    "processId": 6912,
    "cwd": "C:\\Users\\abdullahnoor.mohamed\\source\\repos\\SampleDashboard - Copy\\SampleDashboard\\ClientApp",
    "commandLine": [
      "node",
      "C:\\Users\\abdullahnoor.mohamed\\source\\repos\\SampleDashboard - Copy\\SampleDashboard\\ClientApp\\node_modules\\.bin\\\\..\\@angular\\cli\\bin\\ng",
      "serve",
      "--port",
      "54949"
    ],
    "nodejsVersion": "v13.5.0",
    "wordSize": 64,
    "arch": "x64",
    "platform": "win32",
    "componentVersions": {
      "node": "13.5.0",
      "v8": "7.9.317.25-node.23",
      "uv": "1.34.0",
      "zlib": "1.2.11",
      "brotli": "1.0.7",
      "ares": "1.15.0",
      "modules": "79",
      "nghttp2": "1.40.0",
      "napi": "5",
      "llhttp": "2.0.1",
      "openssl": "1.1.1d",
      "cldr": "36.0",
      "icu": "65.1",
      "tz": "2019c",
      "unicode": "12.1"
    },
    "release": {
      "name": "node",
      "headersUrl": "https://nodejs.org/download/release/v13.5.0/node-v13.5.0-headers.tar.gz",
      "sourceUrl": "https://nodejs.org/download/release/v13.5.0/node-v13.5.0.tar.gz",
      "libUrl": "https://nodejs.org/download/release/v13.5.0/win-x64/node.lib"
    },
    "osName": "Windows_NT",
    "osRelease": "10.0.19042",
    "osVersion": "Windows 10 Enterprise",
    "osMachine": "x86_64",
    "cpus": [
      {
        "model": "Intel(R) Core(TM) i5-5300U CPU @ 2.30GHz",
        "speed": 2295,
        "user": 56221046,
        "nice": 0,
        "sys": 104607921,
        "idle": 395647984,
        "irq": 3203453
      },
      {
        "model": "Intel(R) Core(TM) i5-5300U CPU @ 2.30GHz",
        "speed": 2295,
        "user": 51976546,
        "nice": 0,
        "sys": 85327406,
        "idle": 419172718,
        "irq": 776625
      },
      {
        "model": "Intel(R) Core(TM) i5-5300U CPU @ 2.30GHz",
        "speed": 2295,
        "user": 61398343,
        "nice": 0,
        "sys": 106743125,
        "idle": 388335203,
        "irq": 919671
      },
      {
        "model": "Intel(R) Core(TM) i5-5300U CPU @ 2.30GHz",
        "speed": 2295,
        "user": 55258640,
        "nice": 0,
        "sys": 96068828,
        "idle": 405149203,
        "irq": 627078
      }
    ],
    "networkInterfaces": [
      {
        "name": "Ethernet 2",
        "internal": false,
        "mac": "02:50:41:00:00:01",
        "address": "10.154.207.149",
        "netmask": "255.255.255.255",
        "family": "IPv4"
      },
      {
        "name": "Wi-Fi",
        "internal": false,
        "mac": "dc:53:60:4c:2e:12",
        "address": "192.168.1.233",
        "netmask": "255.255.255.0",
        "family": "IPv4"
      },
      {
        "name": "Loopback Pseudo-Interface 1",
        "internal": true,
        "mac": "00:00:00:00:00:00",
        "address": "::1",
        "netmask": "ffff:ffff:ffff:ffff:ffff:ffff:ffff:ffff",
        "family": "IPv6",
        "scopeid": 0
      },
      {
        "name": "Loopback Pseudo-Interface 1",
        "internal": true,
        "mac": "00:00:00:00:00:00",
        "address": "127.0.0.1",
        "netmask": "255.0.0.0",
        "family": "IPv4"
      }
    ],
    "host": "PC-PC08U607"
  },
  "javascriptStack": {
    "message": "No stack.",
    "stack": [
      "Unavailable."
    ]
  },
  "nativeStack": [
    {
      "pc": "0x00007ff6afa019f9",
      "symbol": "std::basic_ostream<char,std::char_traits<char> >::operator<<+10857"
    },
    {
      "pc": "0x00007ff6afa05d6c",
      "symbol": "std::basic_ostream<char,std::char_traits<char> >::operator<<+28124"
    },
    {
      "pc": "0x00007ff6afa04d28",
      "symbol": "std::basic_ostream<char,std::char_traits<char> >::operator<<+23960"
    },
    {
      "pc": "0x00007ff6afafddfb",
      "symbol": "v8::base::CPU::has_sse+39435"
    },
    {
      "pc": "0x00007ff6b0325c2e",
      "symbol": "v8::Isolate::ReportExternalAllocationLimitReached+94"
    },
    {
      "pc": "0x00007ff6b030d381",
      "symbol": "v8::SharedArrayBuffer::Externalize+785"
    },
    {
      "pc": "0x00007ff6b01d46dc",
      "symbol": "v8::internal::Heap::EphemeronKeyWriteBarrierFromCode+1436"
    },
    {
      "pc": "0x00007ff6b01dc72f",
      "symbol": "v8::internal::Heap::PageFlagsAreConsistent+3711"
    },
    {
      "pc": "0x00007ff6b01d1c53",
      "symbol": "v8::internal::Heap::CollectGarbage+1283"
    },
    {
      "pc": "0x00007ff6b01d03e4",
      "symbol": "v8::internal::Heap::AllocateExternalBackingStore+1300"
    },
    {
      "pc": "0x00007ff6b01f23d4",
      "symbol": "v8::internal::Factory::NewFillerObject+196"
    },
    {
      "pc": "0x00007ff6aff4c9d1",
      "symbol": "v8::internal::interpreter::JumpTableTargetOffsets::iterator::operator=+1681"
    },
    {
      "pc": "0x00007ff6b076ebcd",
      "symbol": "v8::internal::SetupIsolateDelegate::SetupHeap+517453"
    },
    {
      "pc": "0x00000199f1d55626",
      "symbol": ""
    }
  ],
  "javascriptHeap": {
    "totalMemory": 312913920,
    "totalCommittedMemory": 312913920,
    "usedMemory": 305803504,
    "availableMemory": 1891316360,
    "memoryLimit": 2197815296,
    "heapSpaces": {
      "read_only_space": {
        "memorySize": 262144,
        "committedMemory": 262144,
        "capacity": 33040,
        "used": 33040,
        "available": 0
      },
      "new_space": {
        "memorySize": 1048576,
        "committedMemory": 1048576,
        "capacity": 1047424,
        "used": 1047360,
        "available": 64
      },
      "old_space": {
        "memorySize": 233971712,
        "committedMemory": 233971712,
        "capacity": 233094992,
        "used": 232007208,
        "available": 1087784
      },
      "code_space": {
        "memorySize": 4100096,
        "committedMemory": 4100096,
        "capacity": 3755072,
        "used": 3160224,
        "available": 594848
      },
      "map_space": {
        "memorySize": 6819840,
        "committedMemory": 6819840,
        "capacity": 6811744,
        "used": 3126880,
        "available": 3684864
      },
      "large_object_space": {
        "memorySize": 66088960,
        "committedMemory": 66088960,
        "capacity": 65884504,
        "used": 65884504,
        "available": 0
      },
      "code_large_object_space": {
        "memorySize": 622592,
        "committedMemory": 622592,
        "capacity": 544288,
        "used": 544288,
        "available": 0
      },
      "new_large_object_space": {
        "memorySize": 0,
        "committedMemory": 0,
        "capacity": 1047424,
        "used": 0,
        "available": 1047424
      }
    }
  },
  "resourceUsage": {
    "userCpuSeconds": 55.5,
    "kernelCpuSeconds": 42.296,
    "cpuConsumptionPercent": 4.9769,
    "maxRss": 504905728,
    "pageFaults": {
      "IORequired": 605662,
      "IONotRequired": 0
    },
    "fsActivity": {
      "reads": 7000,
      "writes": 18
    }
  },
  "libuv": [
  ],
  "environmentVariables": {
    "=C:": "C:\\Users\\abdullahnoor.mohamed\\source\\repos\\SampleDashboard - Copy\\SampleDashboard\\ClientApp",
    "ALLUSERSPROFILE": "C:\\ProgramData",
    "APPDATA": "C:\\Users\\abdullahnoor.mohamed\\AppData\\Roaming",
    "APP_POOL_CONFIG": "C:\\Users\\abdullahnoor.mohamed\\source\\repos\\SampleDashboard - Copy\\.vs\\SampleDashboard\\config\\applicationhost.config",
    "APP_POOL_ID": "SampleDashboard AppPool",
    "ASPNETCORE_ENVIRONMENT": "Development",
    "ASPNETCORE_IIS_HTTPAUTH": "anonymous;",
    "ASPNETCORE_IIS_PHYSICAL_PATH": "C:\\Users\\abdullahnoor.mohamed\\source\\repos\\SampleDashboard - Copy\\SampleDashboard\\",
    "CommonProgramFiles": "C:\\Program Files\\Common Files",
    "CommonProgramFiles(x86)": "C:\\Program Files (x86)\\Common Files",
    "CommonProgramW6432": "C:\\Program Files\\Common Files",
    "COMPLUS_ForceENC": "1",
    "COMPLUS_InstallRoot": "",
    "COMPLUS_MDA": "managedDebugger",
    "COMPLUS_Version": "",
    "COMPUTERNAME": "PC-PC08U607",
    "ComSpec": "C:\\WINDOWS\\system32\\cmd.exe",
    "DEV_ENVIRONMENT": "1",
    "dp0": "C:\\Users\\abdullahnoor.mohamed\\source\\repos\\SampleDashboard - Copy\\SampleDashboard\\ClientApp\\node_modules\\.bin\\",
    "DriverData": "C:\\Windows\\System32\\Drivers\\DriverData",
    "FPS_BROWSER_APP_PROFILE_STRING": "Internet Explorer",
    "FPS_BROWSER_USER_PROFILE_STRING": "Default",
    "HOME": "C:\\Users\\abdullahnoor.mohamed",
    "HOMEDRIVE": "M:",
    "HOMEPATH": "\\",
    "HOMESHARE": "\\\\ccaintranet.com\\DFS-CCA-01\\Users\\Abdullahnoor.Mohamed",
    "IISEXPRESS_SITENAME": "SampleDashboard",
    "IIS_BIN": "C:\\Program Files\\IIS Express",
    "IIS_DRIVE": "C:",
    "IIS_SITES_HOME": "C:\\Users\\abdullahnoor.mohamed\\Documents\\My Web Sites",
    "IIS_USER_HOME": "C:\\Users\\abdullahnoor.mohamed\\Documents\\IISExpress",
    "INIT_CWD": "C:\\Users\\abdullahnoor.mohamed\\source\\repos\\SampleDashboard - Copy\\SampleDashboard\\ClientApp",
    "LAUNCHER_PATH": "C:\\Users\\abdullahnoor.mohamed\\source\\repos\\SampleDashboard - Copy\\SampleDashboard\\bin\\Debug\\netcoreapp3.1\\COBLoggingDashboard.exe",
    "LOCALAPPDATA": "C:\\Users\\abdullahnoor.mohamed\\AppData\\Local",
    "LOGONSERVER": "\\\\USADCSSMADDCP03",
    "MSBuildLoadMicrosoftTargetsReadOnly": "true",
    "NODE": "C:\\Program Files\\nodejs\\node.exe",
    "NODE_EXE": "C:\\Program Files\\nodejs\\\\node.exe",
    "NPM_CLI_JS": "C:\\Program Files\\nodejs\\\\node_modules\\npm\\bin\\npm-cli.js",
    "npm_config_access": "",
    "npm_config_allow_same_version": "",
    "npm_config_also": "",
    "npm_config_always_auth": "",
    "npm_config_argv": "{\"remain\":[\"--port\",\"54949\"],\"cooked\":[\"run\",\"start\",\"--\",\"--port\",\"54949\"],\"original\":[\"run\",\"start\",\"--\",\"--port\",\"54949\"]}",
    "npm_config_audit": "true",
    "npm_config_audit_level": "low",
    "npm_config_auth_type": "legacy",
    "npm_config_before": "",
    "npm_config_bin_links": "true",
    "npm_config_browser": "",
    "npm_config_ca": "",
    "npm_config_cache": "C:\\Users\\abdullahnoor.mohamed\\AppData\\Roaming\\npm-cache",
    "npm_config_cache_lock_retries": "10",
    "npm_config_cache_lock_stale": "60000",
    "npm_config_cache_lock_wait": "10000",
    "npm_config_cache_max": "Infinity",
    "npm_config_cache_min": "10",
    "npm_config_cafile": "",
    "npm_config_cert": "",
    "npm_config_cidr": "",
    "npm_config_color": "true",
    "npm_config_commit_hooks": "true",
    "npm_config_depth": "Infinity",
    "npm_config_description": "true",
    "npm_config_dev": "",
    "npm_config_dry_run": "",
    "npm_config_editor": "notepad.exe",
    "npm_config_engine_strict": "",
    "npm_config_fetch_retries": "2",
    "npm_config_fetch_retry_factor": "10",
    "npm_config_fetch_retry_maxtimeout": "60000",
    "npm_config_fetch_retry_mintimeout": "10000",
    "npm_config_force": "",
    "npm_config_format_package_lock": "true",
    "npm_config_fund": "true",
    "npm_config_git": "git",
    "npm_config_git_tag_version": "true",
    "npm_config_global": "",
    "npm_config_globalconfig": "C:\\Users\\abdullahnoor.mohamed\\AppData\\Roaming\\npm\\etc\\npmrc",
    "npm_config_globalignorefile": "C:\\Users\\abdullahnoor.mohamed\\AppData\\Roaming\\npm\\etc\\npmignore",
    "npm_config_global_style": "",
    "npm_config_group": "",
    "npm_config_ham_it_up": "",
    "npm_config_heading": "npm",
    "npm_config_https_proxy": "",
    "npm_config_if_present": "",
    "npm_config_ignore_prepublish": "",
    "npm_config_ignore_scripts": "",
    "npm_config_init_author_email": "",
    "npm_config_init_author_name": "",
    "npm_config_init_author_url": "",
    "npm_config_init_license": "ISC",
    "npm_config_init_module": "C:\\Users\\abdullahnoor.mohamed\\.npm-init.js",
    "npm_config_init_version": "1.0.0",
    "npm_config_json": "",
    "npm_config_key": "",
    "npm_config_legacy_bundling": "",
    "npm_config_link": "",
    "npm_config_local_address": "",
    "npm_config_loglevel": "notice",
    "npm_config_logs_max": "10",
    "npm_config_long": "",
    "npm_config_maxsockets": "50",
    "npm_config_message": "%s",
    "npm_config_metrics_registry": "https://registry.npmjs.org/",
    "npm_config_node_gyp": "C:\\Program Files\\nodejs\\node_modules\\npm\\node_modules\\node-gyp\\bin\\node-gyp.js",
    "npm_config_node_options": "",
    "npm_config_node_version": "13.5.0",
    "npm_config_noproxy": "",
    "npm_config_offline": "",
    "npm_config_onload_script": "",
    "npm_config_only": "",
    "npm_config_optional": "true",
    "npm_config_otp": "",
    "npm_config_package_lock": "true",
    "npm_config_package_lock_only": "",
    "npm_config_parseable": "",
    "npm_config_prefer_offline": "",
    "npm_config_prefer_online": "",
    "npm_config_prefix": "C:\\Users\\abdullahnoor.mohamed\\AppData\\Roaming\\npm",
    "npm_config_preid": "",
    "npm_config_production": "",
    "npm_config_progress": "true",
    "npm_config_proxy": "",
    "npm_config_read_only": "",
    "npm_config_rebuild_bundle": "true",
    "npm_config_registry": "https://registry.npmjs.org/",
    "npm_config_rollback": "true",
    "npm_config_save": "true",
    "npm_config_save_bundle": "",
    "npm_config_save_dev": "",
    "npm_config_save_exact": "",
    "npm_config_save_optional": "",
    "npm_config_save_prefix": "^",
    "npm_config_save_prod": "",
    "npm_config_scope": "",
    "npm_config_scripts_prepend_node_path": "warn-only",
    "npm_config_script_shell": "",
    "npm_config_searchexclude": "",
    "npm_config_searchlimit": "20",
    "npm_config_searchopts": "",
    "npm_config_searchstaleness": "900",
    "npm_config_send_metrics": "",
    "npm_config_shell": "C:\\WINDOWS\\system32\\cmd.exe",
    "npm_config_shrinkwrap": "true",
    "npm_config_sign_git_commit": "",
    "npm_config_sign_git_tag": "",
    "npm_config_sso_poll_frequency": "500",
    "npm_config_sso_type": "oauth",
    "npm_config_strict_ssl": "true",
    "npm_config_tag": "latest",
    "npm_config_tag_version_prefix": "v",
    "npm_config_timing": "",
    "npm_config_tmp": "C:\\Users\\ABDULL~1.MOH\\AppData\\Local\\Temp\\1",
    "npm_config_umask": "0000",
    "npm_config_unicode": "",
    "npm_config_unsafe_perm": "true",
    "npm_config_update_notifier": "true",
    "npm_config_usage": "",
    "npm_config_user": "",
    "npm_config_userconfig": "C:\\Users\\abdullahnoor.mohamed\\.npmrc",
    "npm_config_user_agent": "npm/6.13.4 node/v13.5.0 win32 x64",
    "npm_config_version": "",
    "npm_config_versions": "",
    "npm_config_viewer": "browser",
    "npm_execpath": "C:\\Program Files\\nodejs\\node_modules\\npm\\bin\\npm-cli.js",
    "npm_lifecycle_event": "start",
    "npm_lifecycle_script": "ng serve \"--port\" \"54949\"",
    "npm_node_execpath": "C:\\Program Files\\nodejs\\node.exe",
    "npm_package_dependencies_angular_datatables": "^8.0.0",
    "npm_package_dependencies_angular_material": "^1.1.21",
    "npm_package_dependencies_aspnet_prerendering": "^3.0.1",
    "npm_package_dependencies_bootstrap": "^4.3.1",
    "npm_package_dependencies_core_js": "^3.3.3",
    "npm_package_dependencies_datatables_net": "^1.10.20",
    "npm_package_dependencies_datatables_net_buttons": "^1.6.1",
    "npm_package_dependencies_datatables_net_buttons_dt": "^1.6.1",
    "npm_package_dependencies_datatables_net_dt": "^1.10.20",
    "npm_package_dependencies_datatables_net_responsive": "^2.2.3",
    "npm_package_dependencies_datatables_net_responsive_dt": "^2.2.3",
    "npm_package_dependencies_jquery": "^3.4.1",
    "npm_package_dependencies_jszip": "^3.2.2",
    "npm_package_dependencies_node_sass": "^4.12.0",
    "npm_package_dependencies_oidc_client": "^1.9.1",
    "npm_package_dependencies_popper_js": "^1.16.0",
    "npm_package_dependencies_protractor": "~5.4.2",
    "npm_package_dependencies_rxjs": "^6.5.3",
    "npm_package_dependencies_tslint": "~5.20.0",
    "npm_package_dependencies_ts_node": "~8.4.1",
    "npm_package_dependencies_zone_js": "0.9.1",
    "npm_package_dependencies__angular_animations": "^8.2.12",
    "npm_package_dependencies__angular_cdk": "^9.0.0",
    "npm_package_dependencies__angular_common": "8.2.12",
    "npm_package_dependencies__angular_compiler": "8.2.12",
    "npm_package_dependencies__angular_core": "8.2.12",
    "npm_package_dependencies__angular_forms": "8.2.12",
    "npm_package_dependencies__angular_material": "^9.0.0",
    "npm_package_dependencies__angular_platform_browser": "8.2.12",
    "npm_package_dependencies__angular_platform_browser_dynamic": "8.2.12",
    "npm_package_dependencies__angular_platform_server": "8.2.12",
    "npm_package_dependencies__angular_router": "8.2.12",
    "npm_package_dependencies__nguniversal_module_map_ngfactory_loader": "8.1.1",
    "npm_package_description": "This project was generated with [Angular CLI](https://github.com/angular/angular-cli) version 6.0.0.",
    "npm_package_devDependencies_codelyzer": "^5.2.0",
    "npm_package_devDependencies_jasmine_core": "~3.5.0",
    "npm_package_devDependencies_jasmine_spec_reporter": "~4.2.1",
    "npm_package_devDependencies_karma": "^4.4.1",
    "npm_package_devDependencies_karma_chrome_launcher": "~3.1.0",
    "npm_package_devDependencies_karma_coverage_istanbul_reporter": "~2.1.0",
    "npm_package_devDependencies_karma_jasmine": "~2.0.1",
    "npm_package_devDependencies_karma_jasmine_html_reporter": "^1.4.2",
    "npm_package_devDependencies_typescript": "3.5.3",
    "npm_package_devDependencies__angular_cli": "8.3.14",
    "npm_package_devDependencies__angular_compiler_cli": "8.2.12",
    "npm_package_devDependencies__angular_devkit_build_angular": "^0.803.14",
    "npm_package_devDependencies__angular_language_service": "8.2.12",
    "npm_package_devDependencies__types_datatables_net": "^1.10.18",
    "npm_package_devDependencies__types_datatables_net_buttons": "^1.4.3",
    "npm_package_devDependencies__types_jasmine": "~3.4.4",
    "npm_package_devDependencies__types_jasminewd2": "~2.0.8",
    "npm_package_devDependencies__types_jquery": "^3.3.31",
    "npm_package_devDependencies__types_node": "~12.11.6",
    "npm_package_name": "COBLoggingDashboard",
    "npm_package_optionalDependencies_node_sass": "^4.12.0",
    "npm_package_optionalDependencies_protractor": "~5.4.2",
    "npm_package_optionalDependencies_tslint": "~5.20.0",
    "npm_package_optionalDependencies_ts_node": "~8.4.1",
    "npm_package_private": "true",
    "npm_package_readmeFilename": "README.md",
    "npm_package_scripts_build": "ng build",
    "npm_package_scripts_build_ssr": "ng run COBLoggingDashboard:server:dev",
    "npm_package_scripts_e2e": "ng e2e",
    "npm_package_scripts_lint": "ng lint",
    "npm_package_scripts_ng": "ng",
    "npm_package_scripts_start": "ng serve \"--port\" \"54949\"",
    "npm_package_scripts_test": "ng test",
    "npm_package_version": "0.0.0",
    "NPM_PREFIX_NPM_CLI_JS": "C:\\Users\\abdullahnoor.mohamed\\AppData\\Roaming\\npm\\node_modules\\npm\\bin\\npm-cli.js",
    "NUMBER_OF_PROCESSORS": "4",
    "OneDrive": "C:\\Users\\abdullahnoor.mohamed\\OneDrive - Cotiviti",
    "OneDriveCommercial": "C:\\Users\\abdullahnoor.mohamed\\OneDrive - Cotiviti",
    "OS": "Windows_NT",
    "Path": "C:\\Program Files\\nodejs\\node_modules\\npm\\node_modules\\npm-lifecycle\\node-gyp-bin;C:\\Users\\abdullahnoor.mohamed\\source\\repos\\SampleDashboard - Copy\\SampleDashboard\\ClientApp\\node_modules\\.bin;C:\\WINDOWS\\system32;C:\\WINDOWS;C:\\WINDOWS\\System32\\Wbem;C:\\WINDOWS\\System32\\WindowsPowerShell\\v1.0\\;C:\\WINDOWS\\System32\\OpenSSH\\;C:\\Program Files\\Microsoft VS Code\\bin;C:\\Program Files\\dotnet\\;C:\\Program Files\\Microsoft SQL Server\\130\\Tools\\Binn\\;C:\\Program Files\\Microsoft SQL Server\\Client SDK\\ODBC\\170\\Tools\\Binn\\;C:\\Program Files\\nodejs\\;C:\\Program Files (x86)\\Sennheiser\\SenncomSDK\\;C:\\Users\\abdullahnoor.mohamed\\AppData\\Local\\Microsoft\\WindowsApps;C:\\Users\\abdullahnoor.mohamed\\AppData\\Roaming\\npm;C:\\Users\\abdullahnoor.mohamed\\.dotnet\\tools;%USERPROFILE%\\AppData\\Local\\Microsoft\\WindowsApps;",
    "PATHEXT": ".COM;.EXE;.BAT;.CMD;.VBS;.VBE;.JSE;.WSF;.WSH;.MSC",
    "PkgDefApplicationConfigFile": "C:\\Users\\abdullahnoor.mohamed\\AppData\\Local\\Microsoft\\VisualStudio\\16.0_0baa173c\\devenv.exe.config",
    "PROCESSOR_ARCHITECTURE": "AMD64",
    "PROCESSOR_IDENTIFIER": "Intel64 Family 6 Model 61 Stepping 4, GenuineIntel",
    "PROCESSOR_LEVEL": "6",
    "PROCESSOR_REVISION": "3d04",
    "ProgramData": "C:\\ProgramData",
    "ProgramFiles": "C:\\Program Files",
    "ProgramFiles(x86)": "C:\\Program Files (x86)",
    "ProgramW6432": "C:\\Program Files",
    "PROMPT": "$P$G",
    "PSModulePath": "C:\\Program Files\\WindowsPowerShell\\Modules;C:\\WINDOWS\\system32\\WindowsPowerShell\\v1.0\\Modules",
    "PUBLIC": "C:\\Users\\Public",
    "ServiceHubLogSessionKey": "374333F5",
    "SESSIONNAME": "Console",
    "SystemDrive": "C:",
    "SystemRoot": "C:\\WINDOWS",
    "TEMP": "C:\\Users\\ABDULL~1.MOH\\AppData\\Local\\Temp\\1",
    "ThreadedWaitDialogDpiContext": "-4",
    "TMP": "C:\\Users\\ABDULL~1.MOH\\AppData\\Local\\Temp\\1",
    "UATDATA": "C:\\WINDOWS\\CCM\\UATData\\D9F8C395-CAB8-491d-B8AC-179A1FE1BE77",
    "USERDNSDOMAIN": "COTIVITI.COM",
    "USERDOMAIN": "COTIVITI",
    "USERDOMAIN_ROAMINGPROFILE": "COTIVITI",
    "USERNAME": "abdullahnoor.mohamed",
    "USERPROFILE": "C:\\Users\\abdullahnoor.mohamed",
    "VisualStudioDir": "C:\\Users\\abdullahnoor.mohamed\\Documents\\Visual Studio 2019",
    "VisualStudioEdition": "Microsoft Visual Studio Enterprise 2019",
    "VisualStudioVersion": "16.0",
    "VSAPPIDDIR": "C:\\Program Files (x86)\\Microsoft Visual Studio\\2019\\Enterprise\\Common7\\IDE\\",
    "VSAPPIDNAME": "devenv.exe",
    "VSLANG": "1033",
    "VSLOGGER_UNIQUEID": "f8afedc58aec43179c32fbeb856ed420",
    "VSSKUEDITION": "Enterprise",
    "WEBPACK_DEV_SERVER": "true",
    "windir": "C:\\WINDOWS",
    "_prog": "node"
  },
  "sharedObjects": [
    "C:\\Program Files\\nodejs\\node.exe",
    "C:\\WINDOWS\\SYSTEM32\\ntdll.dll",
    "C:\\WINDOWS\\System32\\KERNEL32.DLL",
    "C:\\WINDOWS\\System32\\KERNELBASE.dll",
    "C:\\WINDOWS\\System32\\WS2_32.dll",
    "C:\\WINDOWS\\System32\\RPCRT4.dll",
    "C:\\WINDOWS\\System32\\PSAPI.DLL",
    "C:\\WINDOWS\\System32\\ADVAPI32.dll",
    "C:\\WINDOWS\\System32\\msvcrt.dll",
    "C:\\WINDOWS\\System32\\sechost.dll",
    "C:\\WINDOWS\\SYSTEM32\\dbghelp.dll",
    "C:\\WINDOWS\\SYSTEM32\\USERENV.dll",
    "C:\\WINDOWS\\SYSTEM32\\IPHLPAPI.DLL",
    "C:\\WINDOWS\\System32\\ucrtbase.dll",
    "C:\\WINDOWS\\System32\\USER32.dll",
    "C:\\WINDOWS\\System32\\win32u.dll",
    "C:\\WINDOWS\\System32\\GDI32.dll",
    "C:\\WINDOWS\\System32\\gdi32full.dll",
    "C:\\WINDOWS\\System32\\msvcp_win.dll",
    "C:\\WINDOWS\\System32\\CRYPT32.dll",
    "C:\\WINDOWS\\System32\\bcrypt.dll",
    "C:\\WINDOWS\\SYSTEM32\\WINMM.dll",
    "C:\\WINDOWS\\System32\\IMM32.DLL",
    "C:\\WINDOWS\\System32\\umppc12601.dll",
    "C:\\WINDOWS\\SYSTEM32\\powrprof.dll",
    "C:\\WINDOWS\\SYSTEM32\\UMPDC.dll",
    "C:\\WINDOWS\\SYSTEM32\\CRYPTBASE.DLL",
    "C:\\WINDOWS\\system32\\uxtheme.dll",
    "C:\\WINDOWS\\System32\\combase.dll",
    "C:\\WINDOWS\\system32\\mswsock.dll",
    "C:\\WINDOWS\\SYSTEM32\\kernel.appcore.dll",
    "C:\\WINDOWS\\System32\\bcryptprimitives.dll",
    "\\\\?\\C:\\Users\\abdullahnoor.mohamed\\source\\repos\\SampleDashboard - Copy\\SampleDashboard\\ClientApp\\node_modules\\node-sass\\vendor\\win",
    "C:\\WINDOWS\\System32\\NSI.dll",
    "C:\\WINDOWS\\SYSTEM32\\dhcpcsvc6.DLL",
    "C:\\WINDOWS\\SYSTEM32\\dhcpcsvc.DLL",
    "C:\\WINDOWS\\SYSTEM32\\DNSAPI.dll",
    "C:\\Windows\\System32\\rasadhlp.dll",
    "C:\\WINDOWS\\System32\\fwpuclnt.dll",
    "C:\\WINDOWS\\system32\\napinsp.dll",
    "C:\\WINDOWS\\system32\\pnrpnsp.dll",
    "C:\\WINDOWS\\system32\\wshbth.dll",
    "C:\\WINDOWS\\system32\\NLAapi.dll",
    "C:\\WINDOWS\\System32\\winrnr.dll"
  ]
}