{
  "Fields": [
    {
      "metadata": {},
      "name": "CnlyClmJoinKey",
      "nullable": false,
      "type": "long"
    },
    {
      "metadata": {},
      "name": "CnlySor",
      "nullable": false,
      "type": "short"
    },
    {
      "metadata": {},
      "name": "CnlyPaidDt",
      "nullable": false,
      "type": "date"
    },
    {
      "metadata": {},
      "name": "CnlyClmID",
      "nullable": false,
      "type": "long"
    },
    {
      "metadata": {},
      "name": "CnlyClmNum",
      "nullable": false,
      "type": "string"
    },
    {
      "metadata": {},
      "name": "ClmNum",
      "nullable": false,
      "type": "string"
    },
    {
      "metadata": {},
      "name": "ClmRoot",
      "nullable": false,
      "type": "string"
    },
    {
      "metadata": {},
      "name": "ClmAltNum",
      "nullable": false,
      "type": "string"
    },
    {
      "metadata": {},
      "name": "AdjctDt",
      "nullable": true,
      "type": "date"
    },
    {
      "metadata": {},
      "name": "ClmSysEntryDt",
      "nullable": true,
      "type": "date"
    },
    {
      "metadata": {},
      "name": "ClmRecvDt",
      "nullable": true,
      "type": "date"
    },
    {
      "metadata": {},
      "name": "ClmStmtBegDt",
      "nullable": true,
      "type": "date"
    },
    {
      "metadata": {},
      "name": "ClmStmtEndDt",
      "nullable": true,
      "type": "date"
    },
    {
      "metadata": {},
      "name": "ClmSvcBegDt",
      "nullable": true,
      "type": "date"
    },
    {
      "metadata": {},
      "name": "ClmSvcEndDt",
      "nullable": true,
      "type": "date"
    },
    {
      "metadata": {},
      "name": "ClmLOS",
      "nullable": true,
      "type": "integer"
    },
    {
      "metadata": {},
      "name": "ClmFormType",
      "nullable": true,
      "type": "string"
    },
    {
      "metadata": {},
      "name": "ClmBillAmtInt",
      "nullable": true,
      "type": "decimal(18,2)"
    },
    {
      "metadata": {},
      "name": "ClmBillAmtOrig",
      "nullable": true,
      "type": "decimal(18,2)"
    },
    {
      "metadata": {},
      "name": "ClmBillAmt",
      "nullable": true,
      "type": "decimal(18,2)"
    },
    {
      "metadata": {},
      "name": "ClmAllowAmtInt",
      "nullable": true,
      "type": "decimal(18,2)"
    },
    {
      "metadata": {},
      "name": "ClmAllowAmtOrig",
      "nullable": true,
      "type": "decimal(18,2)"
    },
    {
      "metadata": {},
      "name": "ClmAllowAmt",
      "nullable": true,
      "type": "decimal(18,2)"
    },
    {
      "metadata": {},
      "name": "CnlyClmAllowAmt",
      "nullable": true,
      "type": "decimal(18,2)"
    },
    {
      "metadata": {},
      "name": "ClmCOBAmtInt",
      "nullable": true,
      "type": "decimal(18,2)"
    },
    {
      "metadata": {},
      "name": "ClmCOBAmtOrig",
      "nullable": true,
      "type": "decimal(18,2)"
    },
    {
      "metadata": {},
      "name": "ClmCOBAmt",
      "nullable": true,
      "type": "decimal(18,2)"
    },
    {
      "metadata": {},
      "name": "ClmCoinsAmtInt",
      "nullable": true,
      "type": "decimal(18,2)"
    },
    {
      "metadata": {},
      "name": "ClmCoinsAmtOrig",
      "nullable": true,
      "type": "decimal(18,2)"
    },
    {
      "metadata": {},
      "name": "ClmCoInsAmt",
      "nullable": true,
      "type": "decimal(18,2)"
    },
    {
      "metadata": {},
      "name": "ClmCopayAmtInt",
      "nullable": true,
      "type": "decimal(18,2)"
    },
    {
      "metadata": {},
      "name": "ClmCopayAmtOrig",
      "nullable": true,
      "type": "decimal(18,2)"
    },
    {
      "metadata": {},
      "name": "ClmCoPayAmt",
      "nullable": true,
      "type": "decimal(18,2)"
    },
    {
      "metadata": {},
      "name": "ClmDedAmtInt",
      "nullable": true,
      "type": "decimal(18,2)"
    },
    {
      "metadata": {},
      "name": "ClmDedAmtOrig",
      "nullable": true,
      "type": "decimal(18,2)"
    },
    {
      "metadata": {},
      "name": "ClmDedAmt",
      "nullable": true,
      "type": "decimal(18,2)"
    },
    {
      "metadata": {},
      "name": "ClmNonCovAmtInt",
      "nullable": true,
      "type": "decimal(18,2)"
    },
    {
      "metadata": {},
      "name": "ClmNonCovAmtOrig",
      "nullable": true,
      "type": "decimal(18,2)"
    },
    {
      "metadata": {},
      "name": "ClmNonCovAmt",
      "nullable": true,
      "type": "decimal(18,2)"
    },
    {
      "metadata": {},
      "name": "ClmPaidAmtInt",
      "nullable": true,
      "type": "decimal(18,2)"
    },
    {
      "metadata": {},
      "name": "ClmPaidAmtOrig",
      "nullable": true,
      "type": "decimal(18,2)"
    },
    {
      "metadata": {},
      "name": "ClmPaidAmt",
      "nullable": true,
      "type": "decimal(18,2)"
    },
    {
      "metadata": {},
      "name": "ClmMdcrAllowAmt",
      "nullable": true,
      "type": "decimal(18,2)"
    },
    {
      "metadata": {},
      "name": "ClmMdcrDedAmt",
      "nullable": true,
      "type": "decimal(18,2)"
    },
    {
      "metadata": {},
      "name": "ClmMdcrPaidAmt",
      "nullable": true,
      "type": "decimal(18,2)"
    },
    {
      "metadata": {},
      "name": "ClmPayRatio",
      "nullable": true,
      "type": "decimal(18,2)"
    },
    {
      "metadata": {},
      "name": "ClmAllowedRatio",
      "nullable": true,
      "type": "decimal(18,2)"
    },
    {
      "metadata": {},
      "name": "ClmAllowedRatioTrunc",
      "nullable": true,
      "type": "decimal(18,2)"
    },
    {
      "metadata": {},
      "name": "ClmAllowedPerDiem",
      "nullable": true,
      "type": "decimal(18,2)"
    },
    {
      "metadata": {},
      "name": "ClmCheckDt",
      "nullable": true,
      "type": "date"
    },
    {
      "metadata": {},
      "name": "CapitCd",
      "nullable": true,
      "type": "string"
    },
    {
      "metadata": {},
      "name": "SrcClmReimbMthdCd",
      "nullable": true,
      "type": "string"
    },
    {
      "metadata": {},
      "name": "EnrEffDt",
      "nullable": true,
      "type": "date"
    },
    {
      "metadata": {},
      "name": "EnrTermDt",
      "nullable": true,
      "type": "date"
    },
    {
      "metadata": {},
      "name": "CnlyPaidTH",
      "nullable": false,
      "type": "short"
    },
    {
      "metadata": {},
      "name": "ProdExcl",
      "nullable": false,
      "type": "short"
    },
    {
      "metadata": {},
      "name": "PaidToInd",
      "nullable": false,
      "type": "short"
    },
    {
      "metadata": {},
      "name": "ICDVersionCd",
      "nullable": false,
      "type": "short"
    },
    {
      "metadata": {},
      "name": "DxID1",
      "nullable": false,
      "type": "integer"
    },
    {
      "metadata": {},
      "name": "DxID2",
      "nullable": false,
      "type": "integer"
    },
    {
      "metadata": {},
      "name": "DxID3",
      "nullable": false,
      "type": "integer"
    },
    {
      "metadata": {},
      "name": "DxID4",
      "nullable": false,
      "type": "integer"
    },
    {
      "metadata": {},
      "name": "CRL_ClmProv_ID",
      "nullable": false,
      "type": "integer"
    },
    {
      "metadata": {},
      "name": "CRL_ClmMem_ID",
      "nullable": false,
      "type": "integer"
    },
    {
      "metadata": {},
      "name": "CRL_ClmType_ID",
      "nullable": false,
      "type": "short"
    },
    {
      "metadata": {},
      "name": "CRL_CntrctJNK_ID",
      "nullable": false,
      "type": "integer"
    },
    {
      "metadata": {},
      "name": "CRL_Drg_ID",
      "nullable": false,
      "type": "integer"
    },
    {
      "metadata": {},
      "name": "CRL_EnrGrps_ID",
      "nullable": false,
      "type": "integer"
    },
    {
      "metadata": {},
      "name": "CRL_LOBS_ID",
      "nullable": false,
      "type": "short"
    },
    {
      "metadata": {},
      "name": "CRL_DxCdsAE_ID",
      "nullable": false,
      "type": "integer"
    },
    {
      "metadata": {},
      "name": "CRL_DxCd_5Plus_ID",
      "nullable": false,
      "type": "integer"
    },
    {
      "metadata": {},
      "name": "CRL_POACd_ID",
      "nullable": false,
      "type": "integer"
    },
    {
      "metadata": {},
      "name": "CRL_PxCds_ID",
      "nullable": false,
      "type": "integer"
    },
    {
      "metadata": {},
      "name": "CRL_ClmExp_ID",
      "nullable": false,
      "type": "integer"
    },
    {
      "metadata": {},
      "name": "CRL_ClmAdmit_ID",
      "nullable": false,
      "type": "integer"
    },
    {
      "metadata": {},
      "name": "CRL_ClmAdj_ID",
      "nullable": false,
      "type": "integer"
    },
    {
      "metadata": {},
      "name": "LoadID",
      "nullable": false,
      "type": "integer"
    }
  ]
}