<workflow-app name="ark-centene-load" xmlns="uri:oozie:workflow:1.0">
    <global>
        <resource-manager>${rm}</resource-manager>
        <name-node>${name_node}</name-node>
        <configuration>
            <property>
                <name>mapred.job.queue.name</name>
                <value>${qn}</value>
            </property>
        </configuration>
    </global>

    <credentials>
        <credential name="hcatauth" type="hcat">
            <property>
                <name>hive.metastore.uris</name>
                <value>thrift://usaphdpm05.cotiviti.com:9083,thrift://usaphdpm07.cotiviti.com:9083</value>
            </property>
            <property>
                <name>hive.metastore.kerberos.principal</name>
                <value>hive/_HOST@COTIVITI.COM</value>
            </property>
        </credential>
    </credentials>

    <start to="claim-provider-raw-ingestion"/>

    <action name="claim-provider-raw-ingestion">
        <spark xmlns="uri:oozie:spark-action:1.0">
            <prepare>
                <delete path="/rca/dev/centene/refined/claim/loadyear=${load_year}/loadmonth=${load_month}/loadday=${load_day}"/>
                <delete path="/rca/dev/centene/refined/provider/loadyear=${load_year}/loadmonth=${load_month}/loadday=${load_day}"/>
            </prepare>
            <master>yarn-cluster</master>
            <name>${client} Claim and Provider Raw Ingestion</name>
            <jar>main.py</jar>
            <spark-opts>--queue ${qn} --py-files dependencies.zip,jobs.zip --num-executors 5 --executor-memory 10G --executor-cores 5 --driver-memory 10G</spark-opts>
            <arg>--client_name</arg>
            <arg>${client}</arg>
            <arg>--job</arg>
            <arg>claim_prov_raw_builder</arg>
            <arg>--rs</arg>
            <arg>claim_prov_raw_builder_config.json,claim_raw_schema.json,provider_raw_schema.json,claim_raw_map_final.sql,provider_raw_map_final.sql</arg>
            <arg>--job-args</arg>
            <arg>LoadDate=${load_date}</arg>
            <file>main.py</file>
            <file>${root_path}/lib/dependencies.zip</file>
            <file>${root_path}/lib/jobs.zip</file>
            <file>${root_path}/conf/claim_prov_raw_builder_config.json</file>
            <file>${root_path}/schema/claim_raw_schema.json</file>
            <file>${root_path}/schema/provider_raw_schema.json</file>
            <file>${root_path}/sql/claim_raw_map_final.sql</file>
            <file>${root_path}/sql/provider_raw_map_final.sql</file>
        </spark>
        <ok to="claim-provider-raw-permission"/>
        <error to="kill-notify"/>
    </action>
    
    <action name="claim-provider-raw-permission">
        <fs>
            <chmod path="/rca/dev/centene/refined/claim/loadyear=${load_year}/loadmonth=${load_month}/loadday=${load_day}" permissions="770">
                <recursive/>
            </chmod>
            <chmod path="/rca/dev/centene/refined/provider/loadyear=${load_year}/loadmonth=${load_month}/loadday=${load_day}" permissions="770">
                <recursive/>
            </chmod>
            <chmod path="/rca/dev/centene/refined/claim/_SUCCESS" permissions="770" />
            <chmod path="/rca/dev/centene/refined/provider/_SUCCESS" permissions="770" />
        </fs>
        <ok to="claim-provider-raw-hive-partitions"/>
        <error to="kill-notify"/>
    </action>

    <action name="claim-provider-raw-hive-partitions" cred="hcatauth">
        <hive xmlns="uri:oozie:hive-action:1.0">
            <job-xml>hive-site.xml</job-xml>
            <script>claim-provider-raw-partitions.q</script>
            <param>LoadYear=${load_year}</param>
            <param>LoadMonth=${load_month}</param>
            <param>LoadDay=${load_day}</param>
        </hive>
        <ok to="model-build-fork"/>
        <error to="kill-notify"/>
    </action>

    <fork name="model-build-fork">
        <path start="claim-model-build"/>
        <path start="provider-model-build"/>
    </fork>

    <action name="claim-model-build">
        <spark xmlns="uri:oozie:spark-action:1.0">
            <master>yarn-cluster</master>
            <name>${client} Claim Model Build</name>
            <jar>main.py</jar>
            <spark-opts>--queue ${qn} --py-files dependencies.zip,jobs.zip --num-executors 40 --executor-memory 80G --executor-cores 5 --driver-memory 40G</spark-opts>
            <arg>--client_name</arg>
            <arg>${client}</arg>
            <arg>--job</arg>
            <arg>claim_model_builder</arg>
            <arg>--rs</arg>
            <arg>claim_model_builder_config.json,claim_dedup.sql,claim_model_dedup.sql,claim_aggregate.sql,claim_final_action.sql,claim_header.sql,claim_model.sql,claim_link_prep.sql</arg>
            <arg>--job-args</arg>
            <arg>LoadYear=${load_year}</arg>
            <arg>LoadMonth=${load_month}</arg>
            <arg>LoadDay=${load_day}</arg>
            <arg>ModelPath=${model_path}</arg>
            <file>main.py</file>
            <file>${root_path}/lib/dependencies.zip</file>
            <file>${root_path}/lib/jobs.zip</file>
            <file>${root_path}/conf/claim_model_builder_config.json</file>
            <file>${root_path}/sql/claim_dedup.sql</file>
            <file>${root_path}/sql/claim_model_dedup.sql</file>
            <file>${root_path}/sql/claim_aggregate.sql</file>
            <file>${root_path}/sql/claim_final_action.sql</file>
            <file>${root_path}/sql/claim_header.sql</file>
            <file>${root_path}/sql/claim_model.sql</file>
            <file>${root_path}/sql/claim_link_prep.sql</file>
        </spark>
        <ok to="model-build-join"/>
        <error to="kill-notify"/>
    </action>

    <action name="provider-model-build">
        <spark xmlns="uri:oozie:spark-action:1.0">
            <master>yarn-cluster</master>
            <name>${client} Provider Model Build</name>
            <jar>main.py</jar>
            <spark-opts>--queue ${qn} --py-files dependencies.zip,jobs.zip --num-executors 40 --executor-memory 80G --executor-cores 5 --driver-memory 40G</spark-opts>
            <arg>--client_name</arg>
            <arg>${client}</arg>
            <arg>--job</arg>
            <arg>provider_model_builder</arg>
            <arg>--rs</arg>
            <arg>provider_model_builder_config.json,provider_dedup.sql,provider_aggregate.sql,provider_model.sql</arg>
            <arg>--job-args</arg>
            <arg>LoadYear=${load_year}</arg>
            <arg>LoadMonth=${load_month}</arg>
            <arg>LoadDay=${load_day}</arg>
            <file>main.py</file>
            <file>${root_path}/lib/dependencies.zip</file>
            <file>${root_path}/lib/jobs.zip</file>
            <file>${root_path}/conf/provider_model_builder_config.json</file>
            <file>${root_path}/sql/provider_dedup.sql</file>
            <file>${root_path}/sql/provider_aggregate.sql</file>
            <file>${root_path}/sql/provider_model.sql</file>
        </spark>
        <ok to="model-build-join"/>
        <error to="kill-notify"/>
    </action>

    <join name="model-build-join" to="claim-provider-model-permission"/>

    <action name="claim-provider-model-permission">
        <fs>
            <chmod path="/rca/dev/centene/temp/test/model" permissions="770">
                <recursive/>
            </chmod>
            <chmod path="/rca/dev/centene/model/claim" permissions="770">
                <recursive/>
            </chmod>
            <chmod path="/rca/dev/centene/model/provider" permissions="770">
                <recursive/>
            </chmod>
        </fs>
        <ok to="done-notify"/>
        <error to="kill-notify"/>
    </action>

    <action name="kill-notify">
        <email xmlns="uri:oozie:email-action:0.2">
            <to>spring.zhou@cotiviti.com</to>
            <subject>Centene Data Ingestion Oozie Job ${wf:id()} Failed</subject>
            <body>An error occurred while running Centene data ingestion for load date (${load_date}). Error: ${wf:errorMessage(wf:lastErrorNode())}</body>
        </email>
        <ok to="kill"/>
        <error to="kill"/>
    </action>

    <action name="done-notify">
        <email xmlns="uri:oozie:email-action:0.2">
            <to>spring.zhou@cotiviti.com</to>
            <subject>Centene Data Ingestion Oozie Job ${wf:id()} Completed</subject>
            <body>Centene data ingestion for load date (${load_date}) Completed.</body>
        </email>
        <ok to="end"/>
        <error to="kill"/>
    </action>

    <kill name="kill">
        <message>The workflow been killed. Error message: ${wf:errorMessage(wf:lastErrorNode())}</message>
    </kill>

    <end name="end"/>
</workflow-app>