{
    "schema": {
        "type": "struct",
        "name": "orders",
        "fields": [
            {
                "field": "id",
                "type": "int32",
                "optional": false
            },
            {
                "field": "product",
                "type": "string",
                "optional": false
            },
            {
                "field": "quanity",
                "type": "int32",
                "optional": false
            },
            {
                "field": "price",
                "type": "float",
                "optional": false
            }
        ]
    },
    "payload": {
        "id": 10,
        "product": "computer",
        "quanity": 100,
        "price": 5.29
    }
}