{
    "name": "member-connector",
    "config": {
        "connector.class": "io.debezium.connector.sqlserver.SqlServerConnector",
        "database.hostname": "sql2019",
        "database.port": "1433",
        "database.user": "sa",
        "database.password": "Test#123",
        "database.dbname": "COB_Member",
        "database.server.name": "localhost",
        "table.include.list": "dbo.MemberData",
        "database.history.kafka.bootstrap.servers": "kafka:9092",
        "database.history.kafka.topic": "dbhistory.memberdata",
        "transforms": "unwrap",
        "transforms.unwrap.type": "io.debezium.transfomrs.ExtractNewRecordState",
        "transforms.unwrap.drop.tombstones": false,
        "transforms.unwrap.delete.handling.mode": "rewrite"
    }
}

//"transforms.unwrap.add.fields": "op,table,lsn,source.ts_ms"