{
  "aso_load": {
    "sources": [
      {
        "format": "csv",
        "select_column": "",
        "where_clause": "",
        "temp_view": "aso_raw_claim",
        "key": "aso_raw_claim",
        "cache": false,
        "path": "/rca/dev/anthem/raw/claim/aso/{LoadDate}/ANTH_COTIVITI_*.txt",
        "schema": "aso_claim_raw_schema.json",
        "header": true,
        "delimit": "|",
        "encoding": "utf-8"
      }
    ],
    "flows": [
      {
        "sql": "aso_claim_map.sql",
        "temp_view": "acm",
        "key": "acm",
        "cache": false
      },
      {
        "sql": "aso_claim_map_final.sql",
        "temp_view": "acmf",
        "key": "acmf",
        "cache": false
      }
    ],
    "sinks": [
      {
        "key": "acmf",
        "format": "avro",
        "mode": "overwrite",
        "compress": true,
        "path": "/rca/dev/anthem/refined/claim/aso/{LoadDate}"
      }
    ]
  }
}