{
  "ccv_exclusion_data_builder": {
    "sources": [
      {
        "format": "parquet",
        "select_column": "claim_key,legacy_sys_ids",
        "where_clause": "final_action_indicator = 1",
        "temp_view": "ClmData",
        "key": "ClmData",
        "cache": false,
        "path": "/rca/refined/claim/anthem"
      },
      {
        "format": "jdbc",
        "select_column": "",
        "where_clause": "",
        "temp_view": "CCVInput",
        "key": "CCVInput",
        "cache": false,
        "driver": "net.sourceforge.jtds.jdbc.Driver",
        "url": "jdbc:jtds:sqlserver://wellpoint.etl.sql.ccaintranet.com:1433;useNTLMv2=true;domain=ccaintranet.com;databaseName=WellpointCnlySupport;user={USER};password={PASS};",
        "query": "SELECT CnlyClaimNum FROM [dbo].[vNML_CCV_TaggedClaims_Import_SqoopImport]",
        "fetch_size": 10000
      }
    ],
    "flows": [
      {
        "sql": "ccv_exclusion_data_view.sql",
        "temp_view": "",
        "key": "edv",
        "cache": false
      }
    ],
    "sinks": [
      {
        "key": "edv",
        "format": "parquet",
        "mode": "overwrite",
        "compress": true,
        "path": "/rca/dev/anthem/exclusion/ccvexclusion/output"
      }
    ]
  }
}