{
    "schema": {
        "type": "struct",
        "name": "T_Member_Eligibility",
        "fields": [
            {
                "field": "MemberId",
                "type": "string",
                "optional": false
            },
            {
                "field": "TotalSpendLast30",
                "type": "float",
                "optional": false
            },
            {
                "field": "TotalSpendLast60",
                "type": "float",
                "optional": false
            },
            {
                "field": "SpendSinceMedicare",
                "type": "float",
                "optional": false
            }
        ]
    },
    "payload": {
        "MemberId": "01b83f74e97d1c5",
        "TotalSpendLast30": 10.00,
        "TotalSpendLast60": 5.29,
        "SpendSinceMedicare": 100.29
    }
}