{
  "claim_model_builder": {
    "sources": [
      {
        "format": "parquet",
        "select_column": "",
        "where_clause": "",
        "temp_view": "claim_raw",
        "key": "claim_raw",
        "cache": false,
        "path": "/rca/dev/centene/refined/claim/loadyear={LoadYear}/loadmonth={LoadMonth}/loadday={LoadDay}/*.parquet"
      },
      {
        "format": "parquet",
        "select_column": "",
        "where_clause": "",
        "temp_view": "prev_claim_model",
        "key": "prev_claim_model",
        "cache": false,
        "path": "{ModelPath}"
      }
    ],
    "flows": [
      {
        "sql": "claim_dedup.sql",
        "temp_view": "claim_dedup",
        "key": "claim_dedup",
        "cache": false
      },
      {
        "sql": "claim_model_dedup.sql",
        "temp_view": "claim_model_dedup",
        "key": "claim_model_dedup",
        "cache": false
      },
      {
        "sql": "claim_aggregate.sql",
        "temp_view": "claim_aggregate",
        "key": "claim_aggregate",
        "cache": false
      },
      {
        "sql": "claim_final_action.sql",
        "temp_view": "claim_final_action",
        "key": "claim_final_action",
        "cache": false
      },
      {
        "sql": "claim_header.sql",
        "temp_view": "claim_header",
        "key": "claim_header",
        "cache": false
      },
      {
        "sql": "claim_model.sql",
        "temp_view": "claim_model",
        "key": "claim_model",
        "cache": false
      }
    ],
    "sinks": [
      {
        "key": "claim_model",
        "format": "parquet",
        "mode": "overwrite",
        "compress": true,
        "path": "/rca/dev/centene/temp/test/model"
      }
    ]
  }
}