{
  "claim_prov_raw_builder": {
    "sources": [
      {
        "format": "csv",
        "select_column": "",
        "where_clause": "",
        "temp_view": "claim_raw",
        "key": "claim_raw",
        "cache": false,
        "path": "/rca/dev/centene/raw/claim/{LoadDate}/Fixed_CNC_VENDOR_CLAIM_*.txt",
        "schema": "claim_raw_schema.json",
        "header": false,
        "delimit": "|",
        "encoding": "utf-8"
      },
      {
        "format": "csv",
        "select_column": "",
        "where_clause": "",
        "temp_view": "provider_raw",
        "key": "provider_raw",
        "cache": false,
        "path": "/rca/dev/centene/raw/provider/{LoadDate}/CNC_VENDOR_PROVIDER_*.txt",
        "schema": "provider_raw_schema.json",
        "header": false,
        "delimit": "|",
        "encoding": "utf-8"
      }
    ],
    "flows": [
      {
        "sql": "claim_raw_map_final.sql",
        "temp_view": "crmf",
        "key": "crmf",
        "cache": false
      },
      {
        "sql": "provider_raw_map_final.sql",
        "temp_view": "prmf",
        "key": "prmf",
        "cache": false
      }
    ],
    "sinks": [
      {
        "key": "crmf",
        "format": "parquet",
        "mode": "append",
        "compress": true,
        "partition_by": "loadyear,loadmonth,loadday",
        "path": "/rca/dev/centene/refined/claim/"
      },
      {
        "key": "prmf",
        "format": "parquet",
        "mode": "append",
        "compress": true,
        "partition_by": "loadyear,loadmonth,loadday",
        "path": "/rca/dev/centene/refined/provider/"
      }
    ]
  }
}