{
  "provider_model_builder": {
    "sources": [
      {
        "format": "parquet",
        "select_column": "",
        "where_clause": "",
        "temp_view": "provider_raw",
        "key": "provider_raw",
        "cache": false,
        "path": "/rca/dev/centene/refined/provider/loadyear={LoadYear}/loadmonth={LoadMonth}/loadday={LoadDay}/*.parquet"
      }
    ],
    "flows": [
      {
        "sql": "provider_dedup.sql",
        "temp_view": "provider_dedup",
        "key": "provider_dedup",
        "cache": false
      },
      {
        "sql": "provider_aggregate.sql",
        "temp_view": "provider_aggregate",
        "key": "provider_aggregate",
        "cache": false
      },
      {
        "sql": "provider_model.sql",
        "temp_view": "provider_model",
        "key": "provider_model",
        "cache": false
      }
    ],
    "sinks": [
      {
        "key": "provider_model",
        "format": "parquet",
        "mode": "overwrite",
        "compress": true,
        "path": "/rca/dev/centene/model/provider/"
      }
    ]
  }
}