<?xml version="1.0" encoding="UTF-8"?>

<!--Autogenerated by Cloudera Manager-->
<configuration>
    <property>
        <name>fs.defaultFS</name>
        <value>hdfs://atlanta-prod</value>
    </property>
    <property>
        <name>fs.trash.interval</name>
        <value>1</value>
    </property>
    <property>
        <name>io.compression.codecs</name>
        <value>
            org.apache.hadoop.io.compress.DefaultCodec,org.apache.hadoop.io.compress.GzipCodec,org.apache.hadoop.io.compress.BZip2Codec,org.apache.hadoop.io.compress.DeflateCodec,org.apache.hadoop.io.compress.SnappyCodec,org.apache.hadoop.io.compress.Lz4Codec
        </value>
    </property>
    <property>
        <name>hadoop.security.authentication</name>
        <value>kerberos</value>
    </property>
    <property>
        <name>hadoop.security.authorization</name>
        <value>true</value>
    </property>
    <property>
        <name>hadoop.rpc.protection</name>
        <value>authentication</value>
    </property>
    <property>
        <name>hadoop.security.auth_to_local</name>
        <value>RULE:[1:$1@$0](.*@\QCCAINTRANET.COM\E$)s/@\QCCAINTRANET.COM\E$//
            RULE:[2:$1@$0](.*@\QCCAINTRANET.COM\E$)s/@\QCCAINTRANET.COM\E$//
            RULE:[1:$1@$0](.*@\QCOTIVITI.COM\E$)s/@\QCOTIVITI.COM\E$//
            RULE:[2:$1@$0](.*@\QCOTIVITI.COM\E$)s/@\QCOTIVITI.COM\E$//
            RULE:[1:$1@$0](.*@\QDLPROD01.HADOOP.LOCAL\E$)s/@\QDLPROD01.HADOOP.LOCAL\E$//
            RULE:[2:$1@$0](.*@\QDLPROD01.HADOOP.LOCAL\E$)s/@\QDLPROD01.HADOOP.LOCAL\E$//
            DEFAULT
        </value>
    </property>
    <property>
        <name>hadoop.proxyuser.oozie.hosts</name>
        <value>*</value>
    </property>
    <property>
        <name>hadoop.proxyuser.oozie.groups</name>
        <value>*</value>
    </property>
    <property>
        <name>hadoop.proxyuser.mapred.hosts</name>
        <value>*</value>
    </property>
    <property>
        <name>hadoop.proxyuser.mapred.groups</name>
        <value>*</value>
    </property>
    <property>
        <name>hadoop.proxyuser.flume.hosts</name>
        <value>*</value>
    </property>
    <property>
        <name>hadoop.proxyuser.flume.groups</name>
        <value>*</value>
    </property>
    <property>
        <name>hadoop.proxyuser.HTTP.hosts</name>
        <value>*</value>
    </property>
    <property>
        <name>hadoop.proxyuser.HTTP.groups</name>
        <value>*</value>
    </property>
    <property>
        <name>hadoop.proxyuser.hive.hosts</name>
        <value>*</value>
    </property>
    <property>
        <name>hadoop.proxyuser.hive.groups</name>
        <value>*</value>
    </property>
    <!--'hadoop.proxyuser.hue.hosts', originally set to '*' (non-final), is overridden below by a safety valve-->
    <!--'hadoop.proxyuser.hue.groups', originally set to '*' (non-final), is overridden below by a safety valve-->
    <property>
        <name>hadoop.proxyuser.httpfs.hosts</name>
        <value>*</value>
    </property>
    <property>
        <name>hadoop.proxyuser.httpfs.groups</name>
        <value>*</value>
    </property>
    <property>
        <name>hadoop.proxyuser.hdfs.groups</name>
        <value>*</value>
    </property>
    <property>
        <name>hadoop.proxyuser.hdfs.hosts</name>
        <value>*</value>
    </property>
    <property>
        <name>hadoop.proxyuser.yarn.hosts</name>
        <value>*</value>
    </property>
    <property>
        <name>hadoop.proxyuser.yarn.groups</name>
        <value>*</value>
    </property>
    <property>
        <name>hadoop.security.group.mapping</name>
        <value>org.apache.hadoop.security.ShellBasedUnixGroupsMapping</value>
    </property>
    <property>
        <name>hadoop.security.instrumentation.requires.admin</name>
        <value>false</value>
    </property>
    <property>
        <name>hadoop.ssl.require.client.cert</name>
        <value>false</value>
        <final>true</final>
    </property>
    <property>
        <name>hadoop.ssl.keystores.factory.class</name>
        <value>org.apache.hadoop.security.ssl.FileBasedKeyStoresFactory</value>
        <final>true</final>
    </property>
    <property>
        <name>hadoop.ssl.server.conf</name>
        <value>ssl-server.xml</value>
        <final>true</final>
    </property>
    <property>
        <name>hadoop.ssl.client.conf</name>
        <value>ssl-client.xml</value>
        <final>true</final>
    </property>
    <property>
        <name>hadoop.proxyuser.svcddatameer.groups</name>
        <value>hadoop_datameer_users</value>
    </property>
    <property>
        <name>hadoop.proxyuser.svcddatameer.hosts</name>
        <value>*</value>
    </property>
    <property>
        <name>hadoop.proxyuser.svcpdatameer.groups</name>
        <value>hadoop_datameer_users</value>
    </property>
    <property>
        <name>hadoop.proxyuser.svcpdatameer.hosts</name>
        <value>*</value>
    </property>
    <property>
        <name>hadoop.proxyuser.sdc.hosts</name>
        <value>*</value>
    </property>
    <property>
        <name>hadoop.proxyuser.sdc.groups</name>
        <value>*</value>
    </property>
    <property>
        <name>hadoop.proxyuser.svcQcaspianatscale.groups</name>
        <value>*</value>
    </property>
    <property>
        <name>hadoop.proxyuser.svcpcaspianatscale.groups</name>
        <value>*</value>
    </property>
    <property>
        <name>hadoop.proxyuser.svcQcaspianatscale.hosts</name>
        <value>*</value>
    </property>
    <property>
        <name>hadoop.proxyuser.svcpcaspianatscale.hosts</name>
        <value>*</value>
    </property>
    <property>
        <name>hadoop.proxyuser.hue.groups</name>
        <value>*</value>
    </property>
    <property>
        <name>hadoop.proxyuser.hue.hosts</name>
        <value>*</value>
    </property>
    <property>
        <name>ipc.client.fallback-to-simple-auth-allowed</name>
        <value>true</value>
    </property>
</configuration>
