<?xml version="1.0" encoding="UTF-8"?>

<!--Autogenerated by Cloudera Manager-->
<configuration>
    <property>
        <name>dfs.nameservices</name>
        <value>atlanta-prod</value>
    </property>
    <property>
        <name>dfs.client.failover.proxy.provider.atlanta-prod</name>
        <value>org.apache.hadoop.hdfs.server.namenode.ha.ConfiguredFailoverProxyProvider</value>
    </property>
    <property>
        <name>dfs.ha.automatic-failover.enabled.atlanta-prod</name>
        <value>true</value>
    </property>
    <property>
        <name>ha.zookeeper.quorum</name>
        <value>usaphdpz01.cotiviti.com:2181,usaphdpz02.cotiviti.com:2181,usaphdpz03.cotiviti.com:2181</value>
    </property>
    <property>
        <name>dfs.ha.namenodes.atlanta-prod</name>
        <value>namenode211,namenode243</value>
    </property>
    <property>
        <name>dfs.namenode.rpc-address.atlanta-prod.namenode211</name>
        <value>usaphdpn01.cotiviti.com:8020</value>
    </property>
    <property>
        <name>dfs.namenode.servicerpc-address.atlanta-prod.namenode211</name>
        <value>usaphdpn01.cotiviti.com:8022</value>
    </property>
    <property>
        <name>dfs.namenode.http-address.atlanta-prod.namenode211</name>
        <value>usaphdpn01.cotiviti.com:50070</value>
    </property>
    <property>
        <name>dfs.namenode.https-address.atlanta-prod.namenode211</name>
        <value>usaphdpn01.cotiviti.com:50470</value>
    </property>
    <property>
        <name>dfs.namenode.rpc-address.atlanta-prod.namenode243</name>
        <value>usaphdpn02.cotiviti.com:8020</value>
    </property>
    <property>
        <name>dfs.namenode.servicerpc-address.atlanta-prod.namenode243</name>
        <value>usaphdpn02.cotiviti.com:8022</value>
    </property>
    <property>
        <name>dfs.namenode.http-address.atlanta-prod.namenode243</name>
        <value>usaphdpn02.cotiviti.com:50070</value>
    </property>
    <property>
        <name>dfs.namenode.https-address.atlanta-prod.namenode243</name>
        <value>usaphdpn02.cotiviti.com:50470</value>
    </property>
    <property>
        <name>dfs.replication</name>
        <value>3</value>
    </property>
    <property>
        <name>dfs.blocksize</name>
        <value>134217728</value>
    </property>
    <property>
        <name>dfs.client.use.datanode.hostname</name>
        <value>false</value>
    </property>
    <property>
        <name>fs.permissions.umask-mode</name>
        <value>022</value>
    </property>
    <property>
        <name>dfs.encrypt.data.transfer.algorithm</name>
        <value>3des</value>
    </property>
    <property>
        <name>dfs.encrypt.data.transfer.cipher.suites</name>
        <value>AES/CTR/NoPadding</value>
    </property>
    <property>
        <name>dfs.encrypt.data.transfer.cipher.key.bitlength</name>
        <value>256</value>
    </property>
    <property>
        <name>dfs.namenode.acls.enabled</name>
        <value>true</value>
    </property>
    <property>
        <name>dfs.client.use.legacy.blockreader</name>
        <value>false</value>
    </property>
    <property>
        <name>dfs.client.read.shortcircuit</name>
        <value>true</value>
    </property>
    <property>
        <name>dfs.domain.socket.path</name>
        <value>/var/run/hdfs-sockets/dn</value>
    </property>
    <property>
        <name>dfs.client.read.shortcircuit.skip.checksum</name>
        <value>false</value>
    </property>
    <property>
        <name>dfs.client.domain.socket.data.traffic</name>
        <value>false</value>
    </property>
    <property>
        <name>dfs.datanode.hdfs-blocks-metadata.enabled</name>
        <value>true</value>
    </property>
    <property>
        <name>dfs.block.access.token.enable</name>
        <value>true</value>
    </property>
    <property>
        <name>dfs.namenode.kerberos.principal</name>
        <value>hdfs/_HOST@COTIVITI.COM</value>
    </property>
    <property>
        <name>dfs.namenode.kerberos.internal.spnego.principal</name>
        <value>HTTP/_HOST@COTIVITI.COM</value>
    </property>
    <property>
        <name>dfs.datanode.kerberos.principal</name>
        <value>hdfs/_HOST@COTIVITI.COM</value>
    </property>
    <property>
        <name>dfs.nfs.kerberos.principal</name>
        <value>hdfs/_HOST@COTIVITI.COM</value>
    </property>
    <property>
        <name>dfs.ha.namenodes.nile-prod</name>
        <value>namenode40,namenode85</value>
    </property>
    <property>
        <name>dfs.client.failover.proxy.provider.nile-prod</name>
        <value>org.apache.hadoop.hdfs.server.namenode.ha.ConfiguredFailoverProxyProvider</value>
    </property>
    <property>
        <name>dfs.ha.automatic-failover.enabled.nile-prod</name>
        <value>true</value>
    </property>
    <property>
        <name>dfs.namenode.rpc-address.nile-prod.namenode40</name>
        <value>usapnlhdpn01.cotiviti.com:8020</value>
    </property>
    <property>
        <name>dfs.namenode.servicerpc-address.nile-prod.namenode40</name>
        <value>usapnlhdpn01.cotiviti.com:8022</value>
    </property>
    <property>
        <name>dfs.namenode.http-address.nile-prod.namenode40</name>
        <value>usapnlhdpn01.cotiviti.com:9870</value>
    </property>
    <property>
        <name>dfs.namenode.https-address.nile-prod.namenode40</name>
        <value>usapnlhdpn01.cotiviti.com:9871</value>
    </property>
    <property>
        <name>dfs.namenode.rpc-address.nile-prod.namenode85</name>
        <value>usapnlhdpn02.cotiviti.com:8020</value>
    </property>
    <property>
        <name>dfs.namenode.servicerpc-address.nile-prod.namenode85</name>
        <value>usapnlhdpn02.cotiviti.com:8022</value>
    </property>
    <property>
        <name>dfs.namenode.http-address.nile-prod.namenode85</name>
        <value>usapnlhdpn02.cotiviti.com:9870</value>
    </property>
    <property>
        <name>dfs.namenode.https-address.nile-prod.namenode85</name>
        <value>usapnlhdpn02.cotiviti.com:9871</value>
    </property>
</configuration>
