{
  "linked_header": {
    "sources": [
      {
        "format": "csv",
        "select_column": "",
        "where_clause": "",
        "temp_view": "input",
        "key": "input",
        "cache": false,
        "path": "{InputPath}",
        "schema": "linked_header_input_schema.json",
        "header": true,
        "delimit": ",",
        "encoding": "utf-8"
      },
      {
        "format": "parquet",
        "select_column": "",
        "where_clause": "",
        "temp_view": "claim_model",
        "key": "claim_model",
        "cache": false,
        "path": "{ModelPath}"
      }
    ],
    "flows": [
      {
        "sql": "linked_header_input_refine.sql",
        "temp_view": "input_refined",
        "key": "input_refined",
        "cache": false
      },
      {
        "sql": "input_aggr.sql",
        "temp_view": "input_aggr",
        "key": "input_aggr",
        "cache": false
      },
      {
        "sql": "linked_header_input_enrich.sql",
        "temp_view": "input_enriched",
        "key": "input_enriched",
        "cache": true
      },
      {
        "sql": "linked_header_enrich_aggr.sql",
        "temp_view": "enrich_aggr",
        "key": "enrich_aggr",
        "cache": false
      },
      {
        "sql": "breakdown_exclusion.sql",
        "temp_view": "breakdown_exclusion",
        "key": "breakdown_exclusion",
        "cache": false
      },
      {
        "sql": "breakdown_insurance_lob.sql",
        "temp_view": "breakdown_insurance_lob",
        "key": "breakdown_insurance_lob",
        "cache": false
      },
      {
        "sql": "breakdown_client_platform_name.sql",
        "temp_view": "breakdown_client_platform_name",
        "key": "breakdown_client_platform_name",
        "cache": false
      },
      {
        "sql": "breakdown_billing_provider_indicator.sql",
        "temp_view": "breakdown_billing_provider_indicator",
        "key": "breakdown_billing_provider_indicator",
        "cache": false
      },
      {
        "sql": "breakdown_claim_type.sql",
        "temp_view": "breakdown_claim_type",
        "key": "breakdown_claim_type",
        "cache": false
      },
      {
        "sql": "linked_header_claim_list.sql",
        "temp_view": "linked_header_claim_list",
        "key": "linked_header_claim_list",
        "cache": false
      },
      {
        "sql": "linked_header_final.sql",
        "temp_view": "linked_header_final",
        "key": "linked_header_final",
        "cache": false
      }
    ],
    "sinks": [
      {
        "key": "linked_header_final",
        "format": "json",
        "mode": "overwrite",
        "compress": false,
        "path": "{OutputPath}"
      }
    ]
  }
}